channel,total_comments,positive_outcomes,positive_rate
KenDBerryMD,20000,1613,8.065
Eric Berg DC,20000,1210,6.05
Eric Westman,20000,1035,5.175
Jason Fung,20000,782,3.91
Nick Norwitz,20000,402,2.01
Anthony Chaffee MD,20000,312,1.5599999999999998
Shawn Baker MD,20000,308,1.54
Dr. Robert Cywes M.D.,20000,294,1.47
Dr. Boz,19700,278,1.4111675126903553
Mark Hyman,20000,228,1.1400000000000001
Ben Bikman,9961,209,2.098182913362112
