category,count,pct_of_positives,ci_low,ci_high
quantified_change,4868,72.97256783090991,71.89387183055652,74.02482180297768
symptom_cessation,947,14.195772747713987,13.37886284281784,15.05389425754336
explicit_improvement,868,13.011542497376706,12.225457569883153,13.840202109891292
reversal_remission,498,7.465147654024884,6.85863111031271,8.120622928738957
medication_discontinuation,197,2.95308049767651,2.5731333935131215,3.3871798405181246
temporal_improvement,138,2.0686553740068954,1.7536737744473354,2.4388072087659536
